restaurant	أريد موقعاً لمطعمي مع قائمة الطعام والطلب اونلاين
restaurant	محمصة قهوة، نبيع البن ونقدم المشروبات
restaurant	مخبز وحلويات، طلبات الكيك والمناسبات
restaurant	مطعم مشاوي، توصيل داخل المدينة
restaurant	كافيه صغير يريد عرض المنيو وأوقات العمل
restaurant	محل حلويات شرقية، بقلاوة وكنافة

fashion	متجر ملابس نسائية، تشكيلة كل موسم
fashion	أصمم فساتين يدوية بكميات محدودة
fashion	محل أحذية وحقائب جلدية
fashion	علامة أزياء محتشمة، عبايات وحجاب
fashion	محل ملابس أطفال بمقاسات وألوان
fashion	ورشة مجوهرات، خواتم وقلائد حسب الطلب

logistics	شركة شحن مع تتبع الشحنات
logistics	ننقل الحاويات بحراً ونتولى التخليص الجمركي
logistics	شركة توصيل طرود، العملاء يتابعون شحناتهم
logistics	نقل بري بالشاحنات بين المدن
logistics	وكيل شحن جوي، نريد نموذج طلب عرض سعر
logistics	خدمات تخزين وتوصيل الميل الأخير

manufacturing	مصنع ينتج قطع معدنية حسب رسومات العميل
manufacturing	إنتاج قطع بلاستيكية بالحقن
manufacturing	ورشة خراطة تقبل الطلبات الخاصة
manufacturing	مصنع نسيج ينتج أقمشة بالرول
manufacturing	ننتج مواد تغليف لشركات الأغذية
manufacturing	تصنيع هياكل حديدية حسب المواصفات

construction	شركة مقاولات، نريد عرض مشاريعنا المنجزة
construction	نبني منازل ونريد صور قبل وبعد
construction	أعمال ترميم وتشطيب للشقق
construction	أعمال أسقف وعزل، معاينة مجانية
construction	تشطيبات داخلية للمحلات والمكاتب
construction	أعمال بنية تحتية وطرق

services	صالون حلاقة مع نظام حجز مواعيد
services	صالون تجميل، الزبائن يحجزون اونلاين
services	عيادة أسنان تحتاج صفحة حجز
services	استوديو تصوير، حجز جلسات
services	مكتب محاسبة يخدم الشركات الصغيرة
services	ورشة صيانة سيارات، حجز موعد

wholesale	تاجر جملة قطع غيار سيارات
wholesale	نورد المواد الغذائية الجافة للمطاعم بالجملة
wholesale	بيع بالجملة فقط، الزبائن يفتحون حساب
wholesale	موزع منتجات تنظيف للمحلات
wholesale	مورد مواد بناء للمقاولين
wholesale	نبيع الأرز والسكر والطحين بالأكياس الكبيرة

retail	كل ما نبيعه في مكان واحد مع الطلب اونلاين
retail	بقالة تريد البيع عبر الإنترنت أيضاً
retail	محل أدوات ومعدات بتشكيلة واسعة
retail	محل مستلزمات حيوانات أليفة
retail	مكتبة تريد عرض الكتب اونلاين
retail	محل مستحضرات تجميل، شحن في نفس اليوم
